Sl no.	District Name	Market Name	Commodity	Variety	Grade	Min Price (Rs./Quintal)	Max Price (Rs./Quintal)	Modal Price (Rs./Quintal)	Price Date
1	Vidisha	Vidisha	Arhar Dal(Tur Dal)	Arhar Dal(Tur)	FAQ	4000	4210	4100	22-01-2020
2	Chhindwara	Amarwda	Arhar Dal(Tur Dal)	Arhar Dal(Tur)	FAQ	4215	4300	4257	23-01-2020
3	Betul	Betul	Arhar Dal(Tur Dal)	Arhar Dal(Tur)	FAQ	3000	3000	3000	25-01-2020
4	Raisen	Obedullaganj	Arhar Dal(Tur Dal)	Arhar Dal(Tur)	FAQ	4235	4235	4235	27-01-2020
5	Betul	Betul	Arhar Dal(Tur Dal)	Arhar Dal(Tur)	FAQ	3100	3100	3100	28-01-2020
6	Betul	Betul	Arhar Dal(Tur Dal)	Arhar Dal(Tur)	FAQ	3100	3100	3100	29-01-2020
7	Betul	Betul	Arhar Dal(Tur Dal)	Arhar Dal(Tur)	FAQ	3750	3750	3750	31-01-2020
8	Vidisha	Vidisha	Arhar Dal(Tur Dal)	Arhar Dal(Tur)	FAQ	3800	4300	3950	07-02-2020
9	Khargone	Sanawad	Arhar Dal(Tur Dal)	Arhar Dal(Tur)	FAQ	4201	4301	4301	08-02-2020
10	Raisen	Obedullaganj	Arhar Dal(Tur Dal)	Arhar Dal(Tur)	FAQ	3855	3855	3855	10-02-2020
11	Khargone	Sanawad	Arhar Dal(Tur Dal)	Arhar Dal(Tur)	FAQ	4175	4175	4175	10-02-2020
12	Raisen	Obedullaganj	Arhar Dal(Tur Dal)	Arhar Dal(Tur)	FAQ	4098	4098	4098	11-02-2020
13	Chhindwara	Amarwda	Arhar Dal(Tur Dal)	Arhar Dal(Tur)	FAQ	3910	4150	4030	12-02-2020
14	Bhopal	Berasia	Arhar Dal(Tur Dal)	Arhar Dal(Tur)	FAQ	4200	4200	4200	13-02-2020
15	Betul	Betul	Arhar Dal(Tur Dal)	Arhar Dal(Tur)	FAQ	4151	4501	4425	13-02-2020
16	Raisen	Obedullaganj	Arhar Dal(Tur Dal)	Arhar Dal(Tur)	FAQ	3975	3975	3975	13-02-2020
17	Khargone	Sanawad	Arhar Dal(Tur Dal)	Arhar Dal(Tur)	FAQ	4326	4741	4741	13-02-2020
18	Betul	Betul	Arhar Dal(Tur Dal)	Arhar Dal(Tur)	FAQ	4601	4801	4601	14-02-2020
19	Raisen	Obedullaganj	Arhar Dal(Tur Dal)	Arhar Dal(Tur)	FAQ	4541	4861	4861	14-02-2020
20	Khargone	Sanawad	Arhar Dal(Tur Dal)	Arhar Dal(Tur)	FAQ	4326	4741	4741	14-02-2020
21	Betul	Betul	Arhar Dal(Tur Dal)	Arhar Dal(Tur)	FAQ	4400	4600	4575	15-02-2020
22	Vidisha	Vidisha	Arhar Dal(Tur Dal)	Arhar Dal(Tur)	FAQ	3900	4200	4120	17-02-2020
23	Raisen	Obedullaganj	Arhar Dal(Tur Dal)	Arhar Dal(Tur)	FAQ	4000	4000	4000	18-02-2020
24	Vidisha	Vidisha	Arhar Dal(Tur Dal)	Arhar Dal(Tur)	FAQ	3980	4205	4150	18-02-2020
25	Raisen	Obedullaganj	Arhar Dal(Tur Dal)	Arhar Dal(Tur)	FAQ	4800	4950	4900	19-02-2020
26	Khargone	Sanawad	Arhar Dal(Tur Dal)	Arhar Dal(Tur)	FAQ	3575	4800	4250	19-02-2020
27	Vidisha	Vidisha	Arhar Dal(Tur Dal)	Arhar Dal(Tur)	FAQ	3720	3800	3780	19-02-2020
28	Chhindwara	Amarwda	Arhar Dal(Tur Dal)	Arhar Dal(Tur)	FAQ	3985	4100	4042	20-02-2020
29	Khargone	Sanawad	Arhar Dal(Tur Dal)	Arhar Dal(Tur)	FAQ	4395	4855	4489	20-02-2020
30	Khargone	Sanawad	Arhar Dal(Tur Dal)	Arhar Dal(Tur)	FAQ	3905	4700	4050	22-02-2020
31	Chhindwara	Amarwda	Arhar Dal(Tur Dal)	Arhar Dal(Tur)	FAQ	3900	4050	3975	23-02-2020
32	Betul	Betul	Arhar Dal(Tur Dal)	Arhar Dal(Tur)	FAQ	3550	4553	4500	24-02-2020
33	Khargone	Sanawad	Arhar Dal(Tur Dal)	Arhar Dal(Tur)	FAQ	3800	4501	4501	24-02-2020
34	Betul	Betul	Arhar Dal(Tur Dal)	Arhar Dal(Tur)	FAQ	4530	4621	4551	25-02-2020
35	Khargone	Sanawad	Arhar Dal(Tur Dal)	Arhar Dal(Tur)	FAQ	3816	4055	4055	25-02-2020
36	Betul	Betul	Arhar Dal(Tur Dal)	Arhar Dal(Tur)	FAQ	3401	4660	4631	26-02-2020
37	Raisen	Obedullaganj	Arhar Dal(Tur Dal)	Arhar Dal(Tur)	FAQ	4200	4220	4220	26-02-2020
38	Khargone	Sanawad	Arhar Dal(Tur Dal)	Arhar Dal(Tur)	FAQ	3155	4205	4205	26-02-2020
39	Chhindwara	Amarwda	Arhar Dal(Tur Dal)	Arhar Dal(Tur)	FAQ	3690	3710	3700	27-02-2020
40	Betul	Betul	Arhar Dal(Tur Dal)	Arhar Dal(Tur)	FAQ	3615	4670	4619	27-02-2020
41	Khargone	Sanawad	Arhar Dal(Tur Dal)	Arhar Dal(Tur)	FAQ	4300	4501	4355	27-02-2020
42	Betul	Betul	Arhar Dal(Tur Dal)	Arhar Dal(Tur)	FAQ	3200	4620	4500	28-02-2020
43	Raisen	Obedullaganj	Arhar Dal(Tur Dal)	Arhar Dal(Tur)	FAQ	4355	4355	4355	28-02-2020
44	Khargone	Sanawad	Arhar Dal(Tur Dal)	Arhar Dal(Tur)	FAQ	4200	4585	4300	28-02-2020
45	Umariya	Umariya	Arhar Dal(Tur Dal)	Arhar Dal(Tur)	FAQ	3900	4000	3950	28-02-2020
46	Betul	Betul	Arhar Dal(Tur Dal)	Arhar Dal(Tur)	FAQ	2600	4691	4600	29-02-2020
47	Umariya	Umariya	Arhar Dal(Tur Dal)	Arhar Dal(Tur)	FAQ	3900	4000	3950	29-02-2020
48	Vidisha	Vidisha	Arhar Dal(Tur Dal)	Arhar Dal(Tur)	FAQ	4250	4500	4400	05-03-2020
49	Betul	Betul	Arhar Dal(Tur Dal)	Arhar Dal(Tur)	FAQ	3900	4540	4490	09-03-2020
50	Vidisha	Vidisha	Arhar Dal(Tur Dal)	Arhar Dal(Tur)	FAQ	4000	4200	4180	09-03-2020
51	Betul	Betul	Arhar Dal(Tur Dal)	Arhar Dal(Tur)	FAQ	3900	4550	4400	12-03-2020
52	Sagar	Jaisinagar	Arhar Dal(Tur Dal)	Arhar Dal(Tur)	FAQ	4000	4200	4100	12-03-2020
53	Khargone	Sanawad	Arhar Dal(Tur Dal)	Arhar Dal(Tur)	FAQ	3550	3550	3550	12-03-2020
54	Vidisha	Vidisha	Arhar Dal(Tur Dal)	Arhar Dal(Tur)	FAQ	4200	4300	4250	12-03-2020
55	Betul	Betul	Arhar Dal(Tur Dal)	Arhar Dal(Tur)	FAQ	3300	4425	4275	13-03-2020
56	Vidisha	Vidisha	Arhar Dal(Tur Dal)	Arhar Dal(Tur)	FAQ	4210	4320	4280	13-03-2020
57	Betul	Betul	Arhar Dal(Tur Dal)	Arhar Dal(Tur)	FAQ	2225	4309	4171	16-03-2020
58	Raisen	Obedullaganj	Arhar Dal(Tur Dal)	Arhar Dal(Tur)	FAQ	3701	3701	3701	16-03-2020
59	Khargone	Sanawad	Arhar Dal(Tur Dal)	Arhar Dal(Tur)	FAQ	3850	3850	3850	16-03-2020
60	Bhopal	Berasia	Arhar Dal(Tur Dal)	Arhar Dal(Tur)	FAQ	3805	3805	3805	17-03-2020
61	Betul	Betul	Arhar Dal(Tur Dal)	Arhar Dal(Tur)	FAQ	4107	4476	4431	17-03-2020
62	Betul	Betul	Arhar Dal(Tur Dal)	Arhar Dal(Tur)	FAQ	3201	4800	4690	18-03-2020
63	Khargone	Sanawad	Arhar Dal(Tur Dal)	Arhar Dal(Tur)	FAQ	4380	4380	4380	18-03-2020
64	Bhopal	Berasia	Arhar Dal(Tur Dal)	Arhar Dal(Tur)	FAQ	4200	4200	4200	19-03-2020
65	Betul	Betul	Arhar Dal(Tur Dal)	Arhar Dal(Tur)	FAQ	3825	5050	4900	19-03-2020
66	Khargone	Sanawad	Arhar Dal(Tur Dal)	Arhar Dal(Tur)	FAQ	4395	4395	4395	19-03-2020
67	Betul	Betul	Arhar Dal(Tur Dal)	Arhar Dal(Tur)	FAQ	3000	4800	4660	20-03-2020
68	Khargone	Sanawad	Arhar Dal(Tur Dal)	Arhar Dal(Tur)	FAQ	3055	3055	3055	20-03-2020
69	Betul	Betul	Arhar Dal(Tur Dal)	Arhar Dal(Tur)	FAQ	3000	4800	4660	21-03-2020
70	Umariya	Umariya	Arhar Dal(Tur Dal)	Arhar Dal(Tur)	FAQ	4300	4400	4350	16-06-2020
71	Vidisha	Vidisha	Arhar Dal(Tur Dal)	Arhar Dal(Tur)	FAQ	3620	4810	4120	17-06-2020
72	Betul	Betul	Arhar Dal(Tur Dal)	Arhar Dal(Tur)	FAQ	3901	4850	4400	19-06-2020
73	Umariya	Umariya	Arhar Dal(Tur Dal)	Arhar Dal(Tur)	FAQ	4200	4205	4202	19-06-2020
74	Betul	Betul	Arhar Dal(Tur Dal)	Arhar Dal(Tur)	FAQ	4600	5200	4825	20-06-2020
75	Morena	Porsa	Arhar Dal(Tur Dal)	Arhar Dal(Tur)	FAQ	4020	4415	4350	20-06-2020
76	Vidisha	Vidisha	Arhar Dal(Tur Dal)	Arhar Dal(Tur)	FAQ	4181	4181	4181	22-06-2020
77	Betul	Betul	Arhar Dal(Tur Dal)	Arhar Dal(Tur)	FAQ	3500	4801	4500	23-06-2020
78	Betul	Betul	Arhar Dal(Tur Dal)	Arhar Dal(Tur)	FAQ	3401	4850	4500	24-06-2020
79	Betul	Bhensdehi	Arhar Dal(Tur Dal)	Arhar Dal(Tur)	FAQ	3450	3500	3470	24-06-2020
80	Betul	Betul	Arhar Dal(Tur Dal)	Arhar Dal(Tur)	FAQ	4352	4801	4600	25-06-2020
81	Betul	Betul	Arhar Dal(Tur Dal)	Arhar Dal(Tur)	FAQ	3600	4600	4300	26-06-2020
82	Betul	Betul	Arhar Dal(Tur Dal)	Arhar Dal(Tur)	FAQ	3600	4600	4300	27-06-2020
83	Betul	Betul	Arhar Dal(Tur Dal)	Arhar Dal(Tur)	FAQ	3600	4600	4300	28-06-2020
84	Betul	Betul	Arhar Dal(Tur Dal)	Arhar Dal(Tur)	FAQ	3901	4550	4350	29-06-2020
85	Raisen	Obedullaganj	Arhar Dal(Tur Dal)	Arhar Dal(Tur)	FAQ	4900	4900	4900	29-06-2020
86	Morena	Porsa	Arhar Dal(Tur Dal)	Arhar Dal(Tur)	FAQ	4020	4340	4330	29-06-2020
87	Umariya	Umariya	Arhar Dal(Tur Dal)	Arhar Dal(Tur)	FAQ	4200	4300	4250	29-06-2020
88	Bhopal	Berasia	Arhar Dal(Tur Dal)	Arhar Dal(Tur)	FAQ	2800	3845	2800	30-06-2020
89	Betul	Betul	Arhar Dal(Tur Dal)	Arhar Dal(Tur)	FAQ	3400	5000	4426	30-06-2020
90	Vidisha	Vidisha	Arhar Dal(Tur Dal)	Arhar Dal(Tur)	FAQ	4811	5201	5100	16-11-2020
91	Chhindwara	Amarwda	Arhar Dal(Tur Dal)	Arhar Dal(Tur)	FAQ	6200	6350	6275	15-Mar-21
92	Chhindwara	Amarwda	Arhar Dal(Tur Dal)	Arhar Dal(Tur)	FAQ	6250	6310	6305	09-Mar-21
93	Chhindwara	Amarwda	Arhar Dal(Tur Dal)	Arhar Dal(Tur)	FAQ	6200	6300	6250	28-Feb-21
94	Bhopal	Berasia	Arhar Dal(Tur Dal)	Arhar Dal(Tur)	FAQ	5600	6000	5800	30-Jun-21
95	Bhopal	Berasia	Arhar Dal(Tur Dal)	Arhar Dal(Tur)	FAQ	5090	5090	5090	26-Jun-21
96	Bhopal	Berasia	Arhar Dal(Tur Dal)	Arhar Dal(Tur)	FAQ	5965	5965	5965	25-Jun-21
97	Bhopal	Berasia	Arhar Dal(Tur Dal)	Arhar Dal(Tur)	FAQ	5965	5965	5965	08-Jun-21
98	Bhopal	Berasia	Arhar Dal(Tur Dal)	Arhar Dal(Tur)	FAQ	5965	5965	5965	07-Jun-21
99	Bhopal	Berasia	Arhar Dal(Tur Dal)	Arhar Dal(Tur)	FAQ	4400	4400	4400	17-Mar-21
100	Bhopal	Berasia	Arhar Dal(Tur Dal)	Arhar Dal(Tur)	FAQ	4400	4400	4400	15-Mar-21
101	Bhopal	Berasia	Arhar Dal(Tur Dal)	Arhar Dal(Tur)	FAQ	5140	5400	5280	08-Mar-21
102	Bhopal	Berasia	Arhar Dal(Tur Dal)	Arhar Dal(Tur)	FAQ	5140	5460	5280	06-Mar-21
103	Bhopal	Berasia	Arhar Dal(Tur Dal)	Arhar Dal(Tur)	FAQ	5250	5250	5250	21-Feb-21
104	Bhopal	Berasia	Arhar Dal(Tur Dal)	Arhar Dal(Tur)	FAQ	5250	5250	5250	20-Feb-21
105	Bhopal	Berasia	Arhar Dal(Tur Dal)	Arhar Dal(Tur)	FAQ	5250	5250	5250	19-Feb-21
106	Bhopal	Berasia	Arhar Dal(Tur Dal)	Arhar Dal(Tur)	FAQ	5160	5160	5160	18-Feb-21
107	Bhopal	Berasia	Arhar Dal(Tur Dal)	Arhar Dal(Tur)	FAQ	5120	5120	5120	17-Feb-21
108	Bhopal	Berasia	Arhar Dal(Tur Dal)	Arhar Dal(Tur)	FAQ	5250	5250	5250	16-Feb-21
109	Bhopal	Berasia	Arhar Dal(Tur Dal)	Arhar Dal(Tur)	FAQ	3900	5600	4305	15-Feb-21
110	Bhopal	Berasia	Arhar Dal(Tur Dal)	Arhar Dal(Tur)	FAQ	4150	4150	4150	24-Jan-21
111	Bhopal	Berasia	Arhar Dal(Tur Dal)	Arhar Dal(Tur)	FAQ	4150	4150	4150	23-Jan-21
112	Bhopal	Berasia	Arhar Dal(Tur Dal)	Arhar Dal(Tur)	FAQ	4200	4300	4200	22-Jan-21
113	Bhopal	Berasia	Arhar Dal(Tur Dal)	Arhar Dal(Tur)	FAQ	4200	4300	4200	21-Jan-21
114	Bhopal	Berasia	Arhar Dal(Tur Dal)	Arhar Dal(Tur)	FAQ	4160	4160	4160	20-Jan-21
115	Bhopal	Berasia	Arhar Dal(Tur Dal)	Arhar Dal(Tur)	FAQ	4975	4975	4975	19-Jan-21
116	Bhopal	Berasia	Arhar Dal(Tur Dal)	Arhar Dal(Tur)	FAQ	4975	4975	4975	18-Jan-21
117	Bhopal	Berasia	Arhar Dal(Tur Dal)	Arhar Dal(Tur)	FAQ	4200	4300	4200	17-Jan-21
118	Bhopal	Berasia	Arhar Dal(Tur Dal)	Arhar Dal(Tur)	FAQ	4200	4300	4200	16-Jan-21
119	Bhopal	Berasia	Arhar Dal(Tur Dal)	Arhar Dal(Tur)	FAQ	5000	5000	5000	15-Jan-21
120	Betul	Bhensdehi	Arhar Dal(Tur Dal)	Arhar Dal(Tur)	FAQ	5000	5250	5250	19-Mar-21
121	Betul	Bhensdehi	Arhar Dal(Tur Dal)	Arhar Dal(Tur)	FAQ	5411	5411	5411	28-Jan-21
122	Betul	Bhensdehi	Arhar Dal(Tur Dal)	Arhar Dal(Tur)	FAQ	1050	1275	1235	27-Jan-21
123	Betul	Bhensdehi	Arhar Dal(Tur Dal)	Arhar Dal(Tur)	FAQ	5300	5451	5451	25-Jan-21
124	Betul	Bhensdehi	Arhar Dal(Tur Dal)	Arhar Dal(Tur)	FAQ	5300	5300	5300	22-Jan-21
125	Betul	Bhensdehi	Arhar Dal(Tur Dal)	Arhar Dal(Tur)	FAQ	5400	5424	5400	18-Jan-21
126	Betul	Bhensdehi	Arhar Dal(Tur Dal)	Arhar Dal(Tur)	FAQ	5000	5000	5000	15-Jan-21
127	Betul	Bhensdehi	Arhar Dal(Tur Dal)	Arhar Dal(Tur)	FAQ	5001	5001	5001	12-Jan-21
128	Mandla	Bichhiya	Arhar Dal(Tur Dal)	Arhar Dal(Tur)	FAQ	5500	5500	5500	02-Mar-21
129	Mandla	Bichhiya	Arhar Dal(Tur Dal)	Arhar Dal(Tur)	FAQ	5500	5500	5500	13-Feb-21
130	Chhindwara	Chhindwara	Arhar Dal(Tur Dal)	Arhar Dal(Tur)	FAQ	4199	5076	4800	30-Jun-21
131	Chhindwara	Chhindwara	Arhar Dal(Tur Dal)	Arhar Dal(Tur)	FAQ	4350	5501	4701	29-Jun-21
132	Chhindwara	Chhindwara	Arhar Dal(Tur Dal)	Arhar Dal(Tur)	FAQ	4299	5901	5700	28-Jun-21
133	Chhindwara	Chhindwara	Arhar Dal(Tur Dal)	Arhar Dal(Tur)	FAQ	2500	6249	5385	25-Jun-21
134	Chhindwara	Chhindwara	Arhar Dal(Tur Dal)	Arhar Dal(Tur)	FAQ	4689	6151	5376	24-Jun-21
135	Chhindwara	Chhindwara	Arhar Dal(Tur Dal)	Arhar Dal(Tur)	FAQ	4900	5970	5201	23-Jun-21
136	Chhindwara	Chhindwara	Arhar Dal(Tur Dal)	Arhar Dal(Tur)	FAQ	5499	5950	5600	22-Jun-21
137	Chhindwara	Chhindwara	Arhar Dal(Tur Dal)	Arhar Dal(Tur)	FAQ	4840	6301	5300	21-Jun-21
138	Chhindwara	Chhindwara	Arhar Dal(Tur Dal)	Arhar Dal(Tur)	FAQ	3680	5601	4700	18-Jun-21
139	Indore	Gautampura	Arhar Dal(Tur Dal)	Arhar Dal(Tur)	FAQ	5000	5200	5000	14-Jun-21
140	Indore	Gautampura	Arhar Dal(Tur Dal)	Arhar Dal(Tur)	FAQ	1630	1750	1700	16-Feb-21
141	Chhatarpur	LavKush Nagar(Laundi)	Arhar Dal(Tur Dal)	Arhar Dal(Tur)	FAQ	6000	6000	6000	23-Jun-21
142	Chhatarpur	LavKush Nagar(Laundi)	Arhar Dal(Tur Dal)	Arhar Dal(Tur)	FAQ	5450	5450	5450	11-Jun-21
143	Raisen	Obedullaganj	Arhar Dal(Tur Dal)	Arhar Dal(Tur)	FAQ	5401	5401	5401	26-Mar-21
144	Raisen	Obedullaganj	Arhar Dal(Tur Dal)	Arhar Dal(Tur)	FAQ	5290	5290	5290	18-Mar-21
145	Khargone	Sanawad	Arhar Dal(Tur Dal)	Arhar Dal(Tur)	FAQ	4805	4805	4805	30-Jun-21
146	Khargone	Sanawad	Arhar Dal(Tur Dal)	Arhar Dal(Tur)	FAQ	5080	5080	5080	29-Jun-21
147	Khargone	Sanawad	Arhar Dal(Tur Dal)	Arhar Dal(Tur)	FAQ	3900	3900	3900	09-Jun-21
148	Khargone	Sanawad	Arhar Dal(Tur Dal)	Arhar Dal(Tur)	FAQ	4800	5350	5330	24-Mar-21
149	Khargone	Sanawad	Arhar Dal(Tur Dal)	Arhar Dal(Tur)	FAQ	5895	5895	5895	23-Mar-21
150	Khargone	Sanawad	Arhar Dal(Tur Dal)	Arhar Dal(Tur)	FAQ	5965	5980	5980	17-Mar-21
151	Khargone	Sanawad	Arhar Dal(Tur Dal)	Arhar Dal(Tur)	FAQ	5600	5600	5600	16-Mar-21
152	Khargone	Sanawad	Arhar Dal(Tur Dal)	Arhar Dal(Tur)	FAQ	4505	6070	6070	15-Mar-21
153	Khargone	Sanawad	Arhar Dal(Tur Dal)	Arhar Dal(Tur)	FAQ	3990	6096	6096	06-Mar-21
154	Khargone	Sanawad	Arhar Dal(Tur Dal)	Arhar Dal(Tur)	FAQ	6230	6230	6230	05-Mar-21
155	Khargone	Sanawad	Arhar Dal(Tur Dal)	Arhar Dal(Tur)	FAQ	6250	6530	6460	24-Feb-21
156	Khargone	Sanawad	Arhar Dal(Tur Dal)	Arhar Dal(Tur)	FAQ	6250	6530	6460	23-Feb-21
157	Khargone	Sanawad	Arhar Dal(Tur Dal)	Arhar Dal(Tur)	FAQ	5605	5980	5830	22-Feb-21
158	Khargone	Sanawad	Arhar Dal(Tur Dal)	Arhar Dal(Tur)	FAQ	5800	6445	6280	17-Feb-21
159	Khargone	Sanawad	Arhar Dal(Tur Dal)	Arhar Dal(Tur)	FAQ	5996	5996	5996	16-Feb-21
160	Khargone	Sanawad	Arhar Dal(Tur Dal)	Arhar Dal(Tur)	FAQ	4500	6620	6015	15-Feb-21
161	Khargone	Sanawad	Arhar Dal(Tur Dal)	Arhar Dal(Tur)	FAQ	5000	6300	5900	13-Feb-21
162	Khargone	Sanawad	Arhar Dal(Tur Dal)	Arhar Dal(Tur)	FAQ	3905	5270	5000	28-Jan-21
163	Khargone	Sanawad	Arhar Dal(Tur Dal)	Arhar Dal(Tur)	FAQ	5000	5370	5200	22-Jan-21
164	Khargone	Sanawad	Arhar Dal(Tur Dal)	Arhar Dal(Tur)	FAQ	5000	5370	5200	21-Jan-21
165	Hoshangabad	Semriharchand	Arhar Dal(Tur Dal)	Arhar Dal(Tur)	FAQ	7210	7210	7210	09-Mar-21
166	Vidisha	Vidisha	Arhar Dal(Tur Dal)	Arhar Dal(Tur)	FAQ	2260	3200	2800	03-Jun-21
167	Vidisha	Vidisha	Arhar Dal(Tur Dal)	Arhar Dal(Tur)	FAQ	5000	5000	5000	08-Jan-21
168	Chhindwara	Amarwda	Arhar Dal(Tur Dal)	Arhar Dal(Tur)	FAQ	4600	4600	4600	21-Dec-21
169	Chhindwara	Amarwda	Arhar Dal(Tur Dal)	Arhar Dal(Tur)	FAQ	4800	4810	4805	26-Oct-21
170	Chhindwara	Amarwda	Arhar Dal(Tur Dal)	Arhar Dal(Tur)	FAQ	4800	4900	4850	25-Oct-21
171	Chhindwara	Amarwda	Arhar Dal(Tur Dal)	Arhar Dal(Tur)	FAQ	4900	5000	4915	21-Oct-21
172	Chhindwara	Amarwda	Arhar Dal(Tur Dal)	Arhar Dal(Tur)	FAQ	4800	5000	4900	20-Oct-21
173	Chhindwara	Amarwda	Arhar Dal(Tur Dal)	Arhar Dal(Tur)	FAQ	5350	5400	5375	12-Oct-21
174	Chhindwara	Amarwda	Arhar Dal(Tur Dal)	Arhar Dal(Tur)	FAQ	5600	5700	5650	26-Jul-21
175	Bhopal	Berasia	Arhar Dal(Tur Dal)	Arhar Dal(Tur)	FAQ	4775	4775	4775	31-Dec-21
176	Bhopal	Berasia	Arhar Dal(Tur Dal)	Arhar Dal(Tur)	FAQ	4355	5035	4550	30-Dec-21
177	Bhopal	Berasia	Arhar Dal(Tur Dal)	Arhar Dal(Tur)	FAQ	4475	4705	4550	29-Dec-21
178	Bhopal	Berasia	Arhar Dal(Tur Dal)	Arhar Dal(Tur)	FAQ	4725	4725	4725	27-Dec-21
179	Bhopal	Berasia	Arhar Dal(Tur Dal)	Arhar Dal(Tur)	FAQ	4725	4725	4725	26-Dec-21
180	Bhopal	Berasia	Arhar Dal(Tur Dal)	Arhar Dal(Tur)	FAQ	4100	4100	4100	23-Dec-21
181	Bhopal	Berasia	Arhar Dal(Tur Dal)	Arhar Dal(Tur)	FAQ	4475	4475	4475	22-Dec-21
182	Bhopal	Berasia	Arhar Dal(Tur Dal)	Arhar Dal(Tur)	FAQ	4605	4745	4605	21-Dec-21
183	Bhopal	Berasia	Arhar Dal(Tur Dal)	Arhar Dal(Tur)	FAQ	3920	3920	3920	20-Dec-21
184	Bhopal	Berasia	Arhar Dal(Tur Dal)	Arhar Dal(Tur)	FAQ	4600	4850	4600	17-Dec-21
185	Bhopal	Berasia	Arhar Dal(Tur Dal)	Arhar Dal(Tur)	FAQ	5140	5140	5140	15-Dec-21
186	Bhopal	Berasia	Arhar Dal(Tur Dal)	Arhar Dal(Tur)	FAQ	4745	4745	4745	14-Dec-21
187	Bhopal	Berasia	Arhar Dal(Tur Dal)	Arhar Dal(Tur)	FAQ	4700	4700	4700	10-Dec-21
188	Mandla	Bichhiya	Arhar Dal(Tur Dal)	Arhar Dal(Tur)	FAQ	5000	5000	5000	21-Jul-21
189	Chhindwara	Chhindwara	Arhar Dal(Tur Dal)	Arhar Dal(Tur)	FAQ	4801	5001	4801	23-Jul-21
190	Chhindwara	Chhindwara	Arhar Dal(Tur Dal)	Arhar Dal(Tur)	FAQ	4901	4901	4901	22-Jul-21
191	Indore	Gautampura	Arhar Dal(Tur Dal)	Arhar Dal(Tur)	FAQ	3200	5253	5000	22-Oct-21
192	Indore	Gautampura	Arhar Dal(Tur Dal)	Arhar Dal(Tur)	FAQ	1800	1956	1811	10-Oct-21
193	Indore	Gautampura	Arhar Dal(Tur Dal)	Arhar Dal(Tur)	FAQ	5000	5000	5000	26-Jul-21
194	Sagar	Jaisinagar	Arhar Dal(Tur Dal)	Arhar Dal(Tur)	FAQ	5500	5500	5500	05-Oct-21
195	Sagar	Jaisinagar	Arhar Dal(Tur Dal)	Arhar Dal(Tur)	FAQ	5500	5500	5500	04-Oct-21
196	Sagar	Jaisinagar	Arhar Dal(Tur Dal)	Arhar Dal(Tur)	FAQ	5800	6000	5900	30-Jul-21
197	Chhatarpur	LavKush Nagar(Laundi)	Arhar Dal(Tur Dal)	Arhar Dal(Tur)	FAQ	5150	5300	5300	22-Dec-21
198	Sehore	Nasrullaganj	Arhar Dal(Tur Dal)	Arhar Dal(Tur)	FAQ	5027	5027	5027	30-Dec-21
199	Sehore	Nasrullaganj	Arhar Dal(Tur Dal)	Arhar Dal(Tur)	FAQ	4705	4800	4800	29-Dec-21
200	Sehore	Nasrullaganj	Arhar Dal(Tur Dal)	Arhar Dal(Tur)	FAQ	4961	4961	4961	28-Dec-21
201	Sehore	Nasrullaganj	Arhar Dal(Tur Dal)	Arhar Dal(Tur)	FAQ	4502	4945	4945	27-Dec-21
202	Sehore	Nasrullaganj	Arhar Dal(Tur Dal)	Arhar Dal(Tur)	FAQ	4554	4554	4554	20-Dec-21
203	Sehore	Nasrullaganj	Arhar Dal(Tur Dal)	Arhar Dal(Tur)	FAQ	4701	4701	4701	14-Dec-21
204	Raisen	Obedullaganj	Arhar Dal(Tur Dal)	Arhar Dal(Tur)	FAQ	3910	3910	3910	31-Dec-21
205	Raisen	Obedullaganj	Arhar Dal(Tur Dal)	Arhar Dal(Tur)	FAQ	4551	4551	4551	20-Dec-21
206	Khargone	Sanawad	Arhar Dal(Tur Dal)	Arhar Dal(Tur)	FAQ	4745	5365	5365	31-Dec-21
207	Khargone	Sanawad	Arhar Dal(Tur Dal)	Arhar Dal(Tur)	FAQ	4630	4680	4680	29-Dec-21
208	Khargone	Sanawad	Arhar Dal(Tur Dal)	Arhar Dal(Tur)	FAQ	3805	8325	7400	17-Dec-21
209	Khargone	Sanawad	Arhar Dal(Tur Dal)	Arhar Dal(Tur)	FAQ	5005	5705	5705	30-Jul-21
210	Vidisha	Vidisha	Arhar Dal(Tur Dal)	Arhar Dal(Tur)	FAQ	4625	4625	4625	30-Dec-21
211	Vidisha	Vidisha	Arhar Dal(Tur Dal)	Arhar Dal(Tur)	FAQ	4230	4600	4600	18-Dec-21
212	Chhindwara	Amarwda	Arhar Dal(Tur Dal)	Arhar Dal(Tur)	FAQ	5250	5350	5300	28-Jun-22
213	Chhindwara	Amarwda	Arhar Dal(Tur Dal)	Arhar Dal(Tur)	FAQ	5100	5200	5150	23-Jun-22
214	Chhindwara	Amarwda	Arhar Dal(Tur Dal)	Arhar Dal(Tur)	FAQ	5090	5200	5145	11-Jun-22
215	Chhindwara	Amarwda	Arhar Dal(Tur Dal)	Arhar Dal(Tur)	FAQ	5200	5300	5250	25-May-22
216	Chhindwara	Amarwda	Arhar Dal(Tur Dal)	Arhar Dal(Tur)	FAQ	5200	5300	5250	21-May-22
217	Chhindwara	Amarwda	Arhar Dal(Tur Dal)	Arhar Dal(Tur)	FAQ	5100	5200	5150	19-May-22
218	Chhindwara	Amarwda	Arhar Dal(Tur Dal)	Arhar Dal(Tur)	FAQ	5080	5200	5140	16-May-22
219	Chhindwara	Amarwda	Arhar Dal(Tur Dal)	Arhar Dal(Tur)	FAQ	5300	5350	5325	12-May-22
220	Chhindwara	Amarwda	Arhar Dal(Tur Dal)	Arhar Dal(Tur)	FAQ	5000	5200	5100	07-May-22
221	Chhindwara	Amarwda	Arhar Dal(Tur Dal)	Arhar Dal(Tur)	FAQ	5100	5410	5305	06-May-22
222	Chhindwara	Amarwda	Arhar Dal(Tur Dal)	Arhar Dal(Tur)	FAQ	5250	5300	5275	04-May-22
223	Chhindwara	Amarwda	Arhar Dal(Tur Dal)	Arhar Dal(Tur)	FAQ	5150	5300	5225	03-May-22
224	Chhindwara	Amarwda	Arhar Dal(Tur Dal)	Arhar Dal(Tur)	FAQ	5100	5110	5105	29-Apr-22
225	Chhindwara	Amarwda	Arhar Dal(Tur Dal)	Arhar Dal(Tur)	FAQ	4800	5200	5000	24-Apr-22
226	Chhindwara	Amarwda	Arhar Dal(Tur Dal)	Arhar Dal(Tur)	FAQ	5200	5300	5250	23-Apr-22
227	Chhindwara	Amarwda	Arhar Dal(Tur Dal)	Arhar Dal(Tur)	FAQ	5200	5500	5350	20-Apr-22
228	Chhindwara	Amarwda	Arhar Dal(Tur Dal)	Arhar Dal(Tur)	FAQ	5000	5200	5100	18-Apr-22
229	Chhindwara	Amarwda	Arhar Dal(Tur Dal)	Arhar Dal(Tur)	FAQ	5425	5600	5512	16-Apr-22
230	Chhindwara	Amarwda	Arhar Dal(Tur Dal)	Arhar Dal(Tur)	FAQ	5450	5550	5500	12-Apr-22
231	Chhindwara	Amarwda	Arhar Dal(Tur Dal)	Arhar Dal(Tur)	FAQ	5000	5050	5025	10-Apr-22
232	Chhindwara	Amarwda	Arhar Dal(Tur Dal)	Arhar Dal(Tur)	FAQ	5350	5500	5425	09-Apr-22
233	Chhindwara	Amarwda	Arhar Dal(Tur Dal)	Arhar Dal(Tur)	FAQ	4800	5000	4900	08-Apr-22
234	Chhindwara	Amarwda	Arhar Dal(Tur Dal)	Arhar Dal(Tur)	FAQ	4990	5050	5020	25-Mar-22
235	Chhindwara	Amarwda	Arhar Dal(Tur Dal)	Arhar Dal(Tur)	FAQ	5000	5100	5050	11-Mar-22
236	Chhindwara	Amarwda	Arhar Dal(Tur Dal)	Arhar Dal(Tur)	FAQ	5000	5200	5100	10-Feb-22
237	Chhindwara	Amarwda	Arhar Dal(Tur Dal)	Arhar Dal(Tur)	FAQ	5350	5410	5400	04-Feb-22
238	Bhopal	Berasia	Arhar Dal(Tur Dal)	Arhar Dal(Tur)	FAQ	2500	5005	4700	20-Jun-22
239	Bhopal	Berasia	Arhar Dal(Tur Dal)	Arhar Dal(Tur)	FAQ	4110	4900	4500	14-Jun-22
240	Bhopal	Berasia	Arhar Dal(Tur Dal)	Arhar Dal(Tur)	FAQ	3350	3350	3350	13-Jun-22
241	Bhopal	Berasia	Arhar Dal(Tur Dal)	Arhar Dal(Tur)	FAQ	4005	4905	4500	11-Jun-22
242	Bhopal	Berasia	Arhar Dal(Tur Dal)	Arhar Dal(Tur)	FAQ	3700	3700	3700	01-Jun-22
243	Bhopal	Berasia	Arhar Dal(Tur Dal)	Arhar Dal(Tur)	FAQ	4000	4405	4000	31-May-22
244	Bhopal	Berasia	Arhar Dal(Tur Dal)	Arhar Dal(Tur)	FAQ	3945	3945	3945	30-May-22
245	Bhopal	Berasia	Arhar Dal(Tur Dal)	Arhar Dal(Tur)	FAQ	3050	3050	3050	27-May-22
246	Bhopal	Berasia	Arhar Dal(Tur Dal)	Arhar Dal(Tur)	FAQ	3000	3000	3000	25-May-22
247	Bhopal	Berasia	Arhar Dal(Tur Dal)	Arhar Dal(Tur)	FAQ	4240	4240	4240	20-May-22
248	Bhopal	Berasia	Arhar Dal(Tur Dal)	Arhar Dal(Tur)	FAQ	3600	4360	3600	13-May-22
249	Bhopal	Berasia	Arhar Dal(Tur Dal)	Arhar Dal(Tur)	FAQ	4255	6100	5955	11-May-22
250	Bhopal	Berasia	Arhar Dal(Tur Dal)	Arhar Dal(Tur)	FAQ	4805	4900	4805	06-May-22
251	Bhopal	Berasia	Arhar Dal(Tur Dal)	Arhar Dal(Tur)	FAQ	3500	4785	4200	04-May-22
252	Bhopal	Berasia	Arhar Dal(Tur Dal)	Arhar Dal(Tur)	FAQ	3700	4500	4200	29-Apr-22
253	Bhopal	Berasia	Arhar Dal(Tur Dal)	Arhar Dal(Tur)	FAQ	4000	4630	4505	28-Apr-22
254	Bhopal	Berasia	Arhar Dal(Tur Dal)	Arhar Dal(Tur)	FAQ	4600	4800	4755	27-Apr-22
255	Bhopal	Berasia	Arhar Dal(Tur Dal)	Arhar Dal(Tur)	FAQ	4700	4700	4700	26-Apr-22
256	Bhopal	Berasia	Arhar Dal(Tur Dal)	Arhar Dal(Tur)	FAQ	4400	4955	4500	25-Apr-22
257	Bhopal	Berasia	Arhar Dal(Tur Dal)	Arhar Dal(Tur)	FAQ	4500	4500	4500	20-Apr-22
258	Bhopal	Berasia	Arhar Dal(Tur Dal)	Arhar Dal(Tur)	FAQ	4800	4910	4800	19-Apr-22
259	Bhopal	Berasia	Arhar Dal(Tur Dal)	Arhar Dal(Tur)	FAQ	4900	5145	5030	18-Apr-22
260	Bhopal	Berasia	Arhar Dal(Tur Dal)	Arhar Dal(Tur)	FAQ	4900	5145	5030	16-Apr-22
261	Bhopal	Berasia	Arhar Dal(Tur Dal)	Arhar Dal(Tur)	FAQ	4000	5300	5205	11-Apr-22
262	Bhopal	Berasia	Arhar Dal(Tur Dal)	Arhar Dal(Tur)	FAQ	4170	6060	4170	10-Apr-22
263	Bhopal	Berasia	Arhar Dal(Tur Dal)	Arhar Dal(Tur)	FAQ	4170	6060	4170	09-Apr-22
264	Bhopal	Berasia	Arhar Dal(Tur Dal)	Arhar Dal(Tur)	FAQ	4000	6060	4200	08-Apr-22
265	Bhopal	Berasia	Arhar Dal(Tur Dal)	Arhar Dal(Tur)	FAQ	4855	4855	4855	07-Apr-22
266	Bhopal	Berasia	Arhar Dal(Tur Dal)	Arhar Dal(Tur)	FAQ	5305	5305	5305	06-Apr-22
267	Bhopal	Berasia	Arhar Dal(Tur Dal)	Arhar Dal(Tur)	FAQ	4000	4845	4400	05-Apr-22
268	Bhopal	Berasia	Arhar Dal(Tur Dal)	Arhar Dal(Tur)	FAQ	4900	4900	4900	04-Apr-22
269	Bhopal	Berasia	Arhar Dal(Tur Dal)	Arhar Dal(Tur)	FAQ	4500	4500	4500	29-Mar-22
270	Bhopal	Berasia	Arhar Dal(Tur Dal)	Arhar Dal(Tur)	FAQ	5000	5000	5000	26-Mar-22
271	Bhopal	Berasia	Arhar Dal(Tur Dal)	Arhar Dal(Tur)	FAQ	4000	4000	4000	24-Mar-22
272	Bhopal	Berasia	Arhar Dal(Tur Dal)	Arhar Dal(Tur)	FAQ	4000	4000	4000	23-Mar-22
273	Bhopal	Berasia	Arhar Dal(Tur Dal)	Arhar Dal(Tur)	FAQ	2800	2800	2800	21-Mar-22
274	Bhopal	Berasia	Arhar Dal(Tur Dal)	Arhar Dal(Tur)	FAQ	5000	5500	5500	15-Mar-22
275	Bhopal	Berasia	Arhar Dal(Tur Dal)	Arhar Dal(Tur)	FAQ	5000	6360	5000	14-Mar-22
276	Bhopal	Berasia	Arhar Dal(Tur Dal)	Arhar Dal(Tur)	FAQ	5000	6360	6185	12-Mar-22
277	Bhopal	Berasia	Arhar Dal(Tur Dal)	Arhar Dal(Tur)	FAQ	5300	6500	6000	11-Mar-22
278	Bhopal	Berasia	Arhar Dal(Tur Dal)	Arhar Dal(Tur)	FAQ	4090	5400	4780	10-Mar-22
279	Bhopal	Berasia	Arhar Dal(Tur Dal)	Arhar Dal(Tur)	FAQ	4200	6095	4400	09-Mar-22
280	Bhopal	Berasia	Arhar Dal(Tur Dal)	Arhar Dal(Tur)	FAQ	4000	5160	5025	07-Mar-22
281	Bhopal	Berasia	Arhar Dal(Tur Dal)	Arhar Dal(Tur)	FAQ	4000	5880	5450	05-Mar-22
282	Bhopal	Berasia	Arhar Dal(Tur Dal)	Arhar Dal(Tur)	FAQ	4505	5205	4825	04-Mar-22
283	Bhopal	Berasia	Arhar Dal(Tur Dal)	Arhar Dal(Tur)	FAQ	3000	5650	5200	02-Mar-22
284	Bhopal	Berasia	Arhar Dal(Tur Dal)	Arhar Dal(Tur)	FAQ	2500	5500	4900	28-Feb-22
285	Bhopal	Berasia	Arhar Dal(Tur Dal)	Arhar Dal(Tur)	FAQ	4000	5365	5300	26-Feb-22
286	Bhopal	Berasia	Arhar Dal(Tur Dal)	Arhar Dal(Tur)	FAQ	1500	5230	4800	25-Feb-22
287	Bhopal	Berasia	Arhar Dal(Tur Dal)	Arhar Dal(Tur)	FAQ	2540	5700	4390	23-Feb-22
288	Bhopal	Berasia	Arhar Dal(Tur Dal)	Arhar Dal(Tur)	FAQ	3200	5940	5460	22-Feb-22
289	Bhopal	Berasia	Arhar Dal(Tur Dal)	Arhar Dal(Tur)	FAQ	3200	5940	5460	21-Feb-22
290	Bhopal	Berasia	Arhar Dal(Tur Dal)	Arhar Dal(Tur)	FAQ	3250	5440	4705	19-Feb-22
291	Bhopal	Berasia	Arhar Dal(Tur Dal)	Arhar Dal(Tur)	FAQ	3300	6000	5000	18-Feb-22
292	Bhopal	Berasia	Arhar Dal(Tur Dal)	Arhar Dal(Tur)	FAQ	2005	5560	4850	17-Feb-22
293	Bhopal	Berasia	Arhar Dal(Tur Dal)	Arhar Dal(Tur)	FAQ	2435	6000	5600	15-Feb-22
294	Bhopal	Berasia	Arhar Dal(Tur Dal)	Arhar Dal(Tur)	FAQ	2825	5635	5205	14-Feb-22
295	Bhopal	Berasia	Arhar Dal(Tur Dal)	Arhar Dal(Tur)	FAQ	2000	6200	5035	11-Feb-22
296	Bhopal	Berasia	Arhar Dal(Tur Dal)	Arhar Dal(Tur)	FAQ	2230	4915	4550	10-Feb-22
297	Bhopal	Berasia	Arhar Dal(Tur Dal)	Arhar Dal(Tur)	FAQ	3560	5330	4550	09-Feb-22
298	Bhopal	Berasia	Arhar Dal(Tur Dal)	Arhar Dal(Tur)	FAQ	2500	5700	5200	08-Feb-22
299	Bhopal	Berasia	Arhar Dal(Tur Dal)	Arhar Dal(Tur)	FAQ	3000	9695	4555	07-Feb-22
300	Bhopal	Berasia	Arhar Dal(Tur Dal)	Arhar Dal(Tur)	FAQ	1500	5560	4200	06-Feb-22
301	Bhopal	Berasia	Arhar Dal(Tur Dal)	Arhar Dal(Tur)	FAQ	1500	5560	4200	05-Feb-22
302	Bhopal	Berasia	Arhar Dal(Tur Dal)	Arhar Dal(Tur)	FAQ	1400	5515	4910	04-Feb-22
303	Bhopal	Berasia	Arhar Dal(Tur Dal)	Arhar Dal(Tur)	FAQ	2555	5575	4790	02-Feb-22
304	Bhopal	Berasia	Arhar Dal(Tur Dal)	Arhar Dal(Tur)	FAQ	3700	5605	4400	01-Feb-22
305	Bhopal	Berasia	Arhar Dal(Tur Dal)	Arhar Dal(Tur)	FAQ	2015	5851	4850	31-Jan-22
306	Bhopal	Berasia	Arhar Dal(Tur Dal)	Arhar Dal(Tur)	FAQ	2015	5851	4850	30-Jan-22
307	Bhopal	Berasia	Arhar Dal(Tur Dal)	Arhar Dal(Tur)	FAQ	3105	5360	4235	29-Jan-22
308	Bhopal	Berasia	Arhar Dal(Tur Dal)	Arhar Dal(Tur)	FAQ	1500	5410	5050	28-Jan-22
309	Bhopal	Berasia	Arhar Dal(Tur Dal)	Arhar Dal(Tur)	FAQ	3735	5505	5200	27-Jan-22
310	Bhopal	Berasia	Arhar Dal(Tur Dal)	Arhar Dal(Tur)	FAQ	3500	5505	4850	26-Jan-22
311	Bhopal	Berasia	Arhar Dal(Tur Dal)	Arhar Dal(Tur)	FAQ	3795	5110	4380	22-Jan-22
312	Bhopal	Berasia	Arhar Dal(Tur Dal)	Arhar Dal(Tur)	FAQ	2905	5600	4600	21-Jan-22
313	Bhopal	Berasia	Arhar Dal(Tur Dal)	Arhar Dal(Tur)	FAQ	3000	4805	4530	20-Jan-22
314	Bhopal	Berasia	Arhar Dal(Tur Dal)	Arhar Dal(Tur)	FAQ	2865	5450	4400	19-Jan-22
315	Bhopal	Berasia	Arhar Dal(Tur Dal)	Arhar Dal(Tur)	FAQ	3535	5400	4600	18-Jan-22
316	Bhopal	Berasia	Arhar Dal(Tur Dal)	Arhar Dal(Tur)	FAQ	4200	4695	4470	17-Jan-22
317	Bhopal	Berasia	Arhar Dal(Tur Dal)	Arhar Dal(Tur)	FAQ	2505	5355	4815	13-Jan-22
318	Bhopal	Berasia	Arhar Dal(Tur Dal)	Arhar Dal(Tur)	FAQ	2000	5305	4725	12-Jan-22
319	Bhopal	Berasia	Arhar Dal(Tur Dal)	Arhar Dal(Tur)	FAQ	3200	5425	4805	11-Jan-22
320	Bhopal	Berasia	Arhar Dal(Tur Dal)	Arhar Dal(Tur)	FAQ	4380	5700	5345	10-Jan-22
321	Bhopal	Berasia	Arhar Dal(Tur Dal)	Arhar Dal(Tur)	FAQ	4555	4555	4555	09-Jan-22
322	Bhopal	Berasia	Arhar Dal(Tur Dal)	Arhar Dal(Tur)	FAQ	4555	4555	4555	08-Jan-22
323	Bhopal	Berasia	Arhar Dal(Tur Dal)	Arhar Dal(Tur)	FAQ	4595	4595	4595	05-Jan-22
324	Bhopal	Berasia	Arhar Dal(Tur Dal)	Arhar Dal(Tur)	FAQ	4280	4280	4280	04-Jan-22
325	Bhopal	Berasia	Arhar Dal(Tur Dal)	Arhar Dal(Tur)	FAQ	4285	4935	4400	03-Jan-22
326	Betul	Bhensdehi	Arhar Dal(Tur Dal)	Arhar Dal(Tur)	FAQ	5600	5600	5600	10-Jun-22
327	Betul	Bhensdehi	Arhar Dal(Tur Dal)	Arhar Dal(Tur)	FAQ	5700	5700	5700	06-May-22
328	Betul	Bhensdehi	Arhar Dal(Tur Dal)	Arhar Dal(Tur)	FAQ	5600	5900	5800	23-Mar-22
329	Betul	Bhensdehi	Arhar Dal(Tur Dal)	Arhar Dal(Tur)	FAQ	5600	5800	5750	22-Feb-22
330	Betul	Bhensdehi	Arhar Dal(Tur Dal)	Arhar Dal(Tur)	FAQ	5600	5800	5700	21-Feb-22
331	Betul	Bhensdehi	Arhar Dal(Tur Dal)	Arhar Dal(Tur)	FAQ	5301	5301	5301	19-Feb-22
332	Chhatarpur	Chhatarpur	Arhar Dal(Tur Dal)	Arhar Dal(Tur)	FAQ	2125	2125	2125	11-Apr-22
333	Chhindwara	Chhindwara	Arhar Dal(Tur Dal)	Arhar Dal(Tur)	FAQ	4211	4390	4290	02-May-22
334	Chhindwara	Chhindwara	Arhar Dal(Tur Dal)	Arhar Dal(Tur)	FAQ	4000	6090	5500	12-Apr-22
335	Chhindwara	Chhindwara	Arhar Dal(Tur Dal)	Arhar Dal(Tur)	FAQ	5000	5475	5200	07-Feb-22
336	Indore	Gautampura	Arhar Dal(Tur Dal)	Arhar Dal(Tur)	FAQ	1800	2250	1925	08-Jun-22
337	Indore	Gautampura	Arhar Dal(Tur Dal)	Arhar Dal(Tur)	FAQ	2000	2000	2000	05-Feb-22
338	Sagar	Jaisinagar	Arhar Dal(Tur Dal)	Arhar Dal(Tur)	FAQ	1511	1511	1511	03-Jan-22
339	Sehore	Nasrullaganj	Arhar Dal(Tur Dal)	Arhar Dal(Tur)	FAQ	5300	5300	5300	15-Jun-22
340	Sehore	Nasrullaganj	Arhar Dal(Tur Dal)	Arhar Dal(Tur)	FAQ	4500	5240	5100	14-Jun-22
341	Sehore	Nasrullaganj	Arhar Dal(Tur Dal)	Arhar Dal(Tur)	FAQ	4800	4800	4800	06-Jun-22
342	Sehore	Nasrullaganj	Arhar Dal(Tur Dal)	Arhar Dal(Tur)	FAQ	4790	4900	4900	03-Jun-22
343	Sehore	Nasrullaganj	Arhar Dal(Tur Dal)	Arhar Dal(Tur)	FAQ	4901	4951	4951	02-Jun-22
344	Sehore	Nasrullaganj	Arhar Dal(Tur Dal)	Arhar Dal(Tur)	FAQ	5126	5126	5126	01-Jun-22
345	Sehore	Nasrullaganj	Arhar Dal(Tur Dal)	Arhar Dal(Tur)	FAQ	5100	5100	5100	26-May-22
346	Sehore	Nasrullaganj	Arhar Dal(Tur Dal)	Arhar Dal(Tur)	FAQ	5000	5500	5301	24-May-22
347	Sehore	Nasrullaganj	Arhar Dal(Tur Dal)	Arhar Dal(Tur)	FAQ	4600	5121	5121	23-May-22
348	Sehore	Nasrullaganj	Arhar Dal(Tur Dal)	Arhar Dal(Tur)	FAQ	5000	5510	5190	20-May-22
349	Sehore	Nasrullaganj	Arhar Dal(Tur Dal)	Arhar Dal(Tur)	FAQ	4401	5081	4726	09-May-22
350	Sehore	Nasrullaganj	Arhar Dal(Tur Dal)	Arhar Dal(Tur)	FAQ	5500	6501	6501	07-May-22
351	Sehore	Nasrullaganj	Arhar Dal(Tur Dal)	Arhar Dal(Tur)	FAQ	5000	5000	5000	06-May-22
352	Sehore	Nasrullaganj	Arhar Dal(Tur Dal)	Arhar Dal(Tur)	FAQ	4800	5000	5000	29-Apr-22
353	Sehore	Nasrullaganj	Arhar Dal(Tur Dal)	Arhar Dal(Tur)	FAQ	4501	4501	4501	27-Apr-22
354	Sehore	Nasrullaganj	Arhar Dal(Tur Dal)	Arhar Dal(Tur)	FAQ	5000	5530	5530	22-Apr-22
355	Sehore	Nasrullaganj	Arhar Dal(Tur Dal)	Arhar Dal(Tur)	FAQ	5125	5303	5290	18-Apr-22
356	Sehore	Nasrullaganj	Arhar Dal(Tur Dal)	Arhar Dal(Tur)	FAQ	4250	5000	5000	16-Apr-22
357	Sehore	Nasrullaganj	Arhar Dal(Tur Dal)	Arhar Dal(Tur)	FAQ	5099	5099	5099	12-Apr-22
358	Sehore	Nasrullaganj	Arhar Dal(Tur Dal)	Arhar Dal(Tur)	FAQ	5000	5000	5000	08-Apr-22
359	Sehore	Nasrullaganj	Arhar Dal(Tur Dal)	Arhar Dal(Tur)	FAQ	4500	4500	4500	07-Apr-22
360	Sehore	Nasrullaganj	Arhar Dal(Tur Dal)	Arhar Dal(Tur)	FAQ	5000	5000	5000	05-Apr-22
361	Sehore	Nasrullaganj	Arhar Dal(Tur Dal)	Arhar Dal(Tur)	FAQ	4800	4800	4800	04-Apr-22
362	Sehore	Nasrullaganj	Arhar Dal(Tur Dal)	Arhar Dal(Tur)	FAQ	5500	5500	5500	29-Mar-22
363	Sehore	Nasrullaganj	Arhar Dal(Tur Dal)	Arhar Dal(Tur)	FAQ	5111	5401	5401	23-Mar-22
364	Sehore	Nasrullaganj	Arhar Dal(Tur Dal)	Arhar Dal(Tur)	FAQ	5500	5500	5500	15-Mar-22
365	Sehore	Nasrullaganj	Arhar Dal(Tur Dal)	Arhar Dal(Tur)	FAQ	5200	5200	5200	14-Mar-22
366	Sehore	Nasrullaganj	Arhar Dal(Tur Dal)	Arhar Dal(Tur)	FAQ	5950	5950	5950	10-Mar-22
367	Sehore	Nasrullaganj	Arhar Dal(Tur Dal)	Arhar Dal(Tur)	FAQ	6160	6160	6160	09-Mar-22
368	Sehore	Nasrullaganj	Arhar Dal(Tur Dal)	Arhar Dal(Tur)	FAQ	5801	6124	6124	08-Mar-22
369	Sehore	Nasrullaganj	Arhar Dal(Tur Dal)	Arhar Dal(Tur)	FAQ	5781	6000	5899	07-Mar-22
370	Sehore	Nasrullaganj	Arhar Dal(Tur Dal)	Arhar Dal(Tur)	FAQ	5500	6100	6000	05-Mar-22
371	Sehore	Nasrullaganj	Arhar Dal(Tur Dal)	Arhar Dal(Tur)	FAQ	5210	6080	6000	04-Mar-22
372	Sehore	Nasrullaganj	Arhar Dal(Tur Dal)	Arhar Dal(Tur)	FAQ	5750	6130	5831	03-Mar-22
373	Sehore	Nasrullaganj	Arhar Dal(Tur Dal)	Arhar Dal(Tur)	FAQ	5200	6445	6276	24-Feb-22
374	Sehore	Nasrullaganj	Arhar Dal(Tur Dal)	Arhar Dal(Tur)	FAQ	6000	6325	6141	23-Feb-22
375	Sehore	Nasrullaganj	Arhar Dal(Tur Dal)	Arhar Dal(Tur)	FAQ	5601	6265	6161	22-Feb-22
376	Sehore	Nasrullaganj	Arhar Dal(Tur Dal)	Arhar Dal(Tur)	FAQ	5001	6137	5903	21-Feb-22
377	Sehore	Nasrullaganj	Arhar Dal(Tur Dal)	Arhar Dal(Tur)	FAQ	6128	6252	6181	18-Feb-22
378	Sehore	Nasrullaganj	Arhar Dal(Tur Dal)	Arhar Dal(Tur)	FAQ	5900	6415	6239	17-Feb-22
379	Sehore	Nasrullaganj	Arhar Dal(Tur Dal)	Arhar Dal(Tur)	FAQ	6200	6301	6250	15-Feb-22
380	Sehore	Nasrullaganj	Arhar Dal(Tur Dal)	Arhar Dal(Tur)	FAQ	3000	5835	5550	14-Feb-22
381	Sehore	Nasrullaganj	Arhar Dal(Tur Dal)	Arhar Dal(Tur)	FAQ	5499	5775	5696	12-Feb-22
382	Sehore	Nasrullaganj	Arhar Dal(Tur Dal)	Arhar Dal(Tur)	FAQ	5310	5790	5520	09-Feb-22
383	Sehore	Nasrullaganj	Arhar Dal(Tur Dal)	Arhar Dal(Tur)	FAQ	5101	5690	5400	07-Feb-22
384	Sehore	Nasrullaganj	Arhar Dal(Tur Dal)	Arhar Dal(Tur)	FAQ	5432	5514	5514	05-Feb-22
385	Sehore	Nasrullaganj	Arhar Dal(Tur Dal)	Arhar Dal(Tur)	FAQ	5265	5551	5450	03-Feb-22
386	Sehore	Nasrullaganj	Arhar Dal(Tur Dal)	Arhar Dal(Tur)	FAQ	5355	5560	5450	02-Feb-22
387	Sehore	Nasrullaganj	Arhar Dal(Tur Dal)	Arhar Dal(Tur)	FAQ	4400	5581	5561	31-Jan-22
388	Sehore	Nasrullaganj	Arhar Dal(Tur Dal)	Arhar Dal(Tur)	FAQ	5420	5700	5600	29-Jan-22
389	Sehore	Nasrullaganj	Arhar Dal(Tur Dal)	Arhar Dal(Tur)	FAQ	5400	5695	5600	28-Jan-22
390	Sehore	Nasrullaganj	Arhar Dal(Tur Dal)	Arhar Dal(Tur)	FAQ	5486	5800	5625	27-Jan-22
391	Sehore	Nasrullaganj	Arhar Dal(Tur Dal)	Arhar Dal(Tur)	FAQ	5200	5750	5580	25-Jan-22
392	Sehore	Nasrullaganj	Arhar Dal(Tur Dal)	Arhar Dal(Tur)	FAQ	5300	5451	5400	18-Jan-22
393	Sehore	Nasrullaganj	Arhar Dal(Tur Dal)	Arhar Dal(Tur)	FAQ	5010	5520	5280	17-Jan-22
394	Sehore	Nasrullaganj	Arhar Dal(Tur Dal)	Arhar Dal(Tur)	FAQ	4816	5453	5176	13-Jan-22
395	Sehore	Nasrullaganj	Arhar Dal(Tur Dal)	Arhar Dal(Tur)	FAQ	5462	5462	5462	12-Jan-22
396	Sehore	Nasrullaganj	Arhar Dal(Tur Dal)	Arhar Dal(Tur)	FAQ	5070	5211	5151	11-Jan-22
397	Sehore	Nasrullaganj	Arhar Dal(Tur Dal)	Arhar Dal(Tur)	FAQ	4885	5151	5016	10-Jan-22
398	Sehore	Nasrullaganj	Arhar Dal(Tur Dal)	Arhar Dal(Tur)	FAQ	4999	5058	5003	06-Jan-22
399	Sehore	Nasrullaganj	Arhar Dal(Tur Dal)	Arhar Dal(Tur)	FAQ	4600	4600	4600	05-Jan-22
400	Sehore	Nasrullaganj	Arhar Dal(Tur Dal)	Arhar Dal(Tur)	FAQ	5041	5041	5041	03-Jan-22
401	Raisen	Obedullaganj	Arhar Dal(Tur Dal)	Arhar Dal(Tur)	FAQ	5350	5350	5350	24-Jun-22
402	Raisen	Obedullaganj	Arhar Dal(Tur Dal)	Arhar Dal(Tur)	FAQ	5801	5801	5801	22-Jun-22
403	Raisen	Obedullaganj	Arhar Dal(Tur Dal)	Arhar Dal(Tur)	FAQ	4900	5140	5140	16-Jun-22
404	Raisen	Obedullaganj	Arhar Dal(Tur Dal)	Arhar Dal(Tur)	FAQ	5201	5700	5700	13-May-22
405	Raisen	Obedullaganj	Arhar Dal(Tur Dal)	Arhar Dal(Tur)	FAQ	5800	5800	5800	04-May-22
406	Raisen	Obedullaganj	Arhar Dal(Tur Dal)	Arhar Dal(Tur)	FAQ	5355	5355	5355	28-Apr-22
407	Raisen	Obedullaganj	Arhar Dal(Tur Dal)	Arhar Dal(Tur)	FAQ	5695	5695	5695	06-Apr-22
408	Raisen	Obedullaganj	Arhar Dal(Tur Dal)	Arhar Dal(Tur)	FAQ	5500	5550	5530	30-Mar-22
409	Raisen	Obedullaganj	Arhar Dal(Tur Dal)	Arhar Dal(Tur)	FAQ	2905	5641	5350	29-Mar-22
410	Raisen	Obedullaganj	Arhar Dal(Tur Dal)	Arhar Dal(Tur)	FAQ	5450	5800	5800	28-Mar-22
411	Raisen	Obedullaganj	Arhar Dal(Tur Dal)	Arhar Dal(Tur)	FAQ	5575	5575	5575	21-Mar-22
412	Raisen	Obedullaganj	Arhar Dal(Tur Dal)	Arhar Dal(Tur)	FAQ	6001	6001	6001	16-Mar-22
413	Raisen	Obedullaganj	Arhar Dal(Tur Dal)	Arhar Dal(Tur)	FAQ	5405	5405	5405	15-Mar-22
414	Raisen	Obedullaganj	Arhar Dal(Tur Dal)	Arhar Dal(Tur)	FAQ	5861	5911	5911	14-Mar-22
415	Raisen	Obedullaganj	Arhar Dal(Tur Dal)	Arhar Dal(Tur)	FAQ	5495	5601	5601	12-Mar-22
416	Raisen	Obedullaganj	Arhar Dal(Tur Dal)	Arhar Dal(Tur)	FAQ	5811	6061	6061	08-Mar-22
417	Raisen	Obedullaganj	Arhar Dal(Tur Dal)	Arhar Dal(Tur)	FAQ	5801	5801	5801	07-Mar-22
418	Raisen	Obedullaganj	Arhar Dal(Tur Dal)	Arhar Dal(Tur)	FAQ	5752	5752	5752	05-Mar-22
419	Raisen	Obedullaganj	Arhar Dal(Tur Dal)	Arhar Dal(Tur)	FAQ	5645	5645	5645	04-Mar-22
420	Raisen	Obedullaganj	Arhar Dal(Tur Dal)	Arhar Dal(Tur)	FAQ	5900	5900	5900	03-Mar-22
421	Raisen	Obedullaganj	Arhar Dal(Tur Dal)	Arhar Dal(Tur)	FAQ	4950	4950	4950	28-Feb-22
422	Raisen	Obedullaganj	Arhar Dal(Tur Dal)	Arhar Dal(Tur)	FAQ	5470	5470	5470	23-Feb-22
423	Raisen	Obedullaganj	Arhar Dal(Tur Dal)	Arhar Dal(Tur)	FAQ	5600	5600	5600	21-Feb-22
424	Raisen	Obedullaganj	Arhar Dal(Tur Dal)	Arhar Dal(Tur)	FAQ	4975	4975	4975	17-Feb-22
425	Raisen	Obedullaganj	Arhar Dal(Tur Dal)	Arhar Dal(Tur)	FAQ	5691	5691	5691	15-Feb-22
426	Raisen	Obedullaganj	Arhar Dal(Tur Dal)	Arhar Dal(Tur)	FAQ	5403	5424	5424	14-Feb-22
427	Raisen	Obedullaganj	Arhar Dal(Tur Dal)	Arhar Dal(Tur)	FAQ	4800	4800	4800	11-Feb-22
428	Raisen	Obedullaganj	Arhar Dal(Tur Dal)	Arhar Dal(Tur)	FAQ	4600	4600	4600	09-Feb-22
429	Raisen	Obedullaganj	Arhar Dal(Tur Dal)	Arhar Dal(Tur)	FAQ	3700	5200	5200	02-Feb-22
430	Raisen	Obedullaganj	Arhar Dal(Tur Dal)	Arhar Dal(Tur)	FAQ	5421	5421	5421	01-Feb-22
431	Raisen	Obedullaganj	Arhar Dal(Tur Dal)	Arhar Dal(Tur)	FAQ	4812	4812	4812	28-Jan-22
432	Raisen	Obedullaganj	Arhar Dal(Tur Dal)	Arhar Dal(Tur)	FAQ	5466	5466	5466	11-Jan-22
433	Raisen	Obedullaganj	Arhar Dal(Tur Dal)	Arhar Dal(Tur)	FAQ	5300	5300	5300	06-Jan-22
434	Raisen	Obedullaganj	Arhar Dal(Tur Dal)	Arhar Dal(Tur)	FAQ	4525	4800	4800	05-Jan-22
435	Khargone	Sanawad	Arhar Dal(Tur Dal)	Arhar Dal(Tur)	FAQ	4955	4955	4955	27-Jun-22
436	Khargone	Sanawad	Arhar Dal(Tur Dal)	Arhar Dal(Tur)	FAQ	3700	4400	4000	13-Jun-22
437	Khargone	Sanawad	Arhar Dal(Tur Dal)	Arhar Dal(Tur)	FAQ	4050	4050	4050	11-Jun-22
438	Khargone	Sanawad	Arhar Dal(Tur Dal)	Arhar Dal(Tur)	FAQ	4500	5955	5955	10-Jun-22
439	Khargone	Sanawad	Arhar Dal(Tur Dal)	Arhar Dal(Tur)	FAQ	4100	5005	5005	08-Jun-22
440	Khargone	Sanawad	Arhar Dal(Tur Dal)	Arhar Dal(Tur)	FAQ	4400	4400	4400	07-Jun-22
441	Khargone	Sanawad	Arhar Dal(Tur Dal)	Arhar Dal(Tur)	FAQ	4700	4700	4700	01-Jun-22
442	Khargone	Sanawad	Arhar Dal(Tur Dal)	Arhar Dal(Tur)	FAQ	4900	4900	4900	31-May-22
443	Khargone	Sanawad	Arhar Dal(Tur Dal)	Arhar Dal(Tur)	FAQ	4600	4800	4800	30-May-22
444	Khargone	Sanawad	Arhar Dal(Tur Dal)	Arhar Dal(Tur)	FAQ	3100	3100	3100	19-May-22
445	Khargone	Sanawad	Arhar Dal(Tur Dal)	Arhar Dal(Tur)	FAQ	5225	5225	5225	10-May-22
446	Khargone	Sanawad	Arhar Dal(Tur Dal)	Arhar Dal(Tur)	FAQ	4540	4540	4540	09-May-22
447	Khargone	Sanawad	Arhar Dal(Tur Dal)	Arhar Dal(Tur)	FAQ	5000	5000	5000	05-May-22
448	Khargone	Sanawad	Arhar Dal(Tur Dal)	Arhar Dal(Tur)	FAQ	4500	5205	5000	30-Apr-22
449	Khargone	Sanawad	Arhar Dal(Tur Dal)	Arhar Dal(Tur)	FAQ	4800	4800	4800	29-Apr-22
450	Khargone	Sanawad	Arhar Dal(Tur Dal)	Arhar Dal(Tur)	FAQ	4825	4825	4825	28-Apr-22
451	Khargone	Sanawad	Arhar Dal(Tur Dal)	Arhar Dal(Tur)	FAQ	4000	4000	4000	23-Apr-22
452	Khargone	Sanawad	Arhar Dal(Tur Dal)	Arhar Dal(Tur)	FAQ	4000	4000	4000	22-Apr-22
453	Khargone	Sanawad	Arhar Dal(Tur Dal)	Arhar Dal(Tur)	FAQ	4000	5905	5300	18-Apr-22
454	Khargone	Sanawad	Arhar Dal(Tur Dal)	Arhar Dal(Tur)	FAQ	5000	5000	5000	11-Apr-22
455	Khargone	Sanawad	Arhar Dal(Tur Dal)	Arhar Dal(Tur)	FAQ	4400	4400	4400	28-Mar-22
456	Khargone	Sanawad	Arhar Dal(Tur Dal)	Arhar Dal(Tur)	FAQ	2500	2500	2500	23-Mar-22
457	Khargone	Sanawad	Arhar Dal(Tur Dal)	Arhar Dal(Tur)	FAQ	4985	6250	5700	16-Mar-22
458	Khargone	Sanawad	Arhar Dal(Tur Dal)	Arhar Dal(Tur)	FAQ	3500	4900	4900	15-Mar-22
459	Khargone	Sanawad	Arhar Dal(Tur Dal)	Arhar Dal(Tur)	FAQ	4800	5555	5555	14-Mar-22
460	Khargone	Sanawad	Arhar Dal(Tur Dal)	Arhar Dal(Tur)	FAQ	5705	5705	5705	12-Mar-22
461	Khargone	Sanawad	Arhar Dal(Tur Dal)	Arhar Dal(Tur)	FAQ	4555	5700	5655	11-Mar-22
462	Khargone	Sanawad	Arhar Dal(Tur Dal)	Arhar Dal(Tur)	FAQ	5680	6300	6100	10-Mar-22
463	Khargone	Sanawad	Arhar Dal(Tur Dal)	Arhar Dal(Tur)	FAQ	5300	5800	5700	09-Mar-22
464	Khargone	Sanawad	Arhar Dal(Tur Dal)	Arhar Dal(Tur)	FAQ	5500	6000	6000	08-Mar-22
465	Khargone	Sanawad	Arhar Dal(Tur Dal)	Arhar Dal(Tur)	FAQ	5503	6105	6105	07-Mar-22
466	Khargone	Sanawad	Arhar Dal(Tur Dal)	Arhar Dal(Tur)	FAQ	5000	6105	5605	05-Mar-22
467	Khargone	Sanawad	Arhar Dal(Tur Dal)	Arhar Dal(Tur)	FAQ	4200	6200	5900	04-Mar-22
468	Khargone	Sanawad	Arhar Dal(Tur Dal)	Arhar Dal(Tur)	FAQ	5400	6000	5400	03-Mar-22
469	Khargone	Sanawad	Arhar Dal(Tur Dal)	Arhar Dal(Tur)	FAQ	4200	6235	5680	02-Mar-22
470	Khargone	Sanawad	Arhar Dal(Tur Dal)	Arhar Dal(Tur)	FAQ	5295	5925	5500	28-Feb-22
471	Khargone	Sanawad	Arhar Dal(Tur Dal)	Arhar Dal(Tur)	FAQ	4005	5925	5405	24-Feb-22
472	Khargone	Sanawad	Arhar Dal(Tur Dal)	Arhar Dal(Tur)	FAQ	4000	5865	5400	23-Feb-22
473	Khargone	Sanawad	Arhar Dal(Tur Dal)	Arhar Dal(Tur)	FAQ	4480	6055	5300	22-Feb-22
474	Khargone	Sanawad	Arhar Dal(Tur Dal)	Arhar Dal(Tur)	FAQ	4000	5740	5400	21-Feb-22
475	Khargone	Sanawad	Arhar Dal(Tur Dal)	Arhar Dal(Tur)	FAQ	3000	5770	5625	19-Feb-22
476	Khargone	Sanawad	Arhar Dal(Tur Dal)	Arhar Dal(Tur)	FAQ	4000	5550	5450	18-Feb-22
477	Khargone	Sanawad	Arhar Dal(Tur Dal)	Arhar Dal(Tur)	FAQ	3900	5900	5400	17-Feb-22
478	Khargone	Sanawad	Arhar Dal(Tur Dal)	Arhar Dal(Tur)	FAQ	3995	5655	5450	14-Feb-22
479	Khargone	Sanawad	Arhar Dal(Tur Dal)	Arhar Dal(Tur)	FAQ	4000	5550	5450	12-Feb-22
480	Khargone	Sanawad	Arhar Dal(Tur Dal)	Arhar Dal(Tur)	FAQ	5400	5600	5600	11-Feb-22
481	Khargone	Sanawad	Arhar Dal(Tur Dal)	Arhar Dal(Tur)	FAQ	4825	5345	5190	10-Feb-22
482	Khargone	Sanawad	Arhar Dal(Tur Dal)	Arhar Dal(Tur)	FAQ	4305	5650	5500	09-Feb-22
483	Khargone	Sanawad	Arhar Dal(Tur Dal)	Arhar Dal(Tur)	FAQ	4000	5480	5425	08-Feb-22
484	Khargone	Sanawad	Arhar Dal(Tur Dal)	Arhar Dal(Tur)	FAQ	4990	5925	5545	04-Feb-22
485	Khargone	Sanawad	Arhar Dal(Tur Dal)	Arhar Dal(Tur)	FAQ	5095	5200	5200	03-Feb-22
486	Khargone	Sanawad	Arhar Dal(Tur Dal)	Arhar Dal(Tur)	FAQ	3400	5600	5175	02-Feb-22
487	Khargone	Sanawad	Arhar Dal(Tur Dal)	Arhar Dal(Tur)	FAQ	4760	5780	5645	01-Feb-22
488	Khargone	Sanawad	Arhar Dal(Tur Dal)	Arhar Dal(Tur)	FAQ	4500	5705	5555	31-Jan-22
489	Khargone	Sanawad	Arhar Dal(Tur Dal)	Arhar Dal(Tur)	FAQ	4405	5530	5300	29-Jan-22
490	Khargone	Sanawad	Arhar Dal(Tur Dal)	Arhar Dal(Tur)	FAQ	5195	5765	5495	28-Jan-22
491	Khargone	Sanawad	Arhar Dal(Tur Dal)	Arhar Dal(Tur)	FAQ	4395	5615	5295	27-Jan-22
492	Khargone	Sanawad	Arhar Dal(Tur Dal)	Arhar Dal(Tur)	FAQ	4095	5700	5185	25-Jan-22
493	Khargone	Sanawad	Arhar Dal(Tur Dal)	Arhar Dal(Tur)	FAQ	4200	6395	5805	24-Jan-22
494	Khargone	Sanawad	Arhar Dal(Tur Dal)	Arhar Dal(Tur)	FAQ	5300	5685	5495	22-Jan-22
495	Khargone	Sanawad	Arhar Dal(Tur Dal)	Arhar Dal(Tur)	FAQ	4605	5670	5400	21-Jan-22
496	Khargone	Sanawad	Arhar Dal(Tur Dal)	Arhar Dal(Tur)	FAQ	4625	5720	5300	20-Jan-22
497	Khargone	Sanawad	Arhar Dal(Tur Dal)	Arhar Dal(Tur)	FAQ	4380	4380	4380	17-Jan-22
498	Khargone	Sanawad	Arhar Dal(Tur Dal)	Arhar Dal(Tur)	FAQ	4595	4595	4595	04-Jan-22
499	Chhindwara	Saunsar	Arhar Dal(Tur Dal)	Arhar Dal(Tur)	FAQ	5500	5650	5600	17-May-22
500	Chhindwara	Saunsar	Arhar Dal(Tur Dal)	Arhar Dal(Tur)	FAQ	5650	5675	5670	12-May-22
501	Chhindwara	Saunsar	Arhar Dal(Tur Dal)	Arhar Dal(Tur)	FAQ	5600	5750	5700	10-May-22
502	Chhindwara	Saunsar	Arhar Dal(Tur Dal)	Arhar Dal(Tur)	FAQ	5720	5750	5750	06-May-22
503	Umariya	Umariya	Arhar Dal(Tur Dal)	Arhar Dal(Tur)	FAQ	5005	5015	5010	28-Jun-22
504	Umariya	Umariya	Arhar Dal(Tur Dal)	Arhar Dal(Tur)	FAQ	5000	5020	5010	26-Jun-22
505	Umariya	Umariya	Arhar Dal(Tur Dal)	Arhar Dal(Tur)	FAQ	5000	5500	5200	08-Apr-22
506	Umariya	Umariya	Arhar Dal(Tur Dal)	Arhar Dal(Tur)	FAQ	5600	5610	5605	15-Mar-22
507	Umariya	Umariya	Arhar Dal(Tur Dal)	Arhar Dal(Tur)	FAQ	5200	5250	5225	13-Mar-22
508	Umariya	Umariya	Arhar Dal(Tur Dal)	Arhar Dal(Tur)	FAQ	4550	4560	4555	28-Feb-22
509	Vidisha	Vidisha	Arhar Dal(Tur Dal)	Arhar Dal(Tur)	FAQ	4500	5370	5370	24-Jun-22
510	Vidisha	Vidisha	Arhar Dal(Tur Dal)	Arhar Dal(Tur)	FAQ	4341	5701	5701	20-Jun-22
511	Vidisha	Vidisha	Arhar Dal(Tur Dal)	Arhar Dal(Tur)	FAQ	2500	2550	2550	18-Jun-22
512	Vidisha	Vidisha	Arhar Dal(Tur Dal)	Arhar Dal(Tur)	FAQ	2500	5672	5511	17-Jun-22
513	Vidisha	Vidisha	Arhar Dal(Tur Dal)	Arhar Dal(Tur)	FAQ	5101	5310	5310	16-Jun-22
514	Vidisha	Vidisha	Arhar Dal(Tur Dal)	Arhar Dal(Tur)	FAQ	5655	5655	5655	14-Jun-22
515	Vidisha	Vidisha	Arhar Dal(Tur Dal)	Arhar Dal(Tur)	FAQ	3000	5760	5700	10-Jun-22
516	Vidisha	Vidisha	Arhar Dal(Tur Dal)	Arhar Dal(Tur)	FAQ	4815	4815	4815	08-Jun-22
517	Vidisha	Vidisha	Arhar Dal(Tur Dal)	Arhar Dal(Tur)	FAQ	2800	5400	5200	07-Jun-22
518	Vidisha	Vidisha	Arhar Dal(Tur Dal)	Arhar Dal(Tur)	FAQ	1900	4901	4901	06-Jun-22
519	Vidisha	Vidisha	Arhar Dal(Tur Dal)	Arhar Dal(Tur)	FAQ	4812	5000	4812	03-Jun-22
520	Vidisha	Vidisha	Arhar Dal(Tur Dal)	Arhar Dal(Tur)	FAQ	5010	5751	5398	28-May-22
521	Vidisha	Vidisha	Arhar Dal(Tur Dal)	Arhar Dal(Tur)	FAQ	4306	4306	4306	26-May-22
522	Vidisha	Vidisha	Arhar Dal(Tur Dal)	Arhar Dal(Tur)	FAQ	4600	5400	5302	25-May-22
523	Vidisha	Vidisha	Arhar Dal(Tur Dal)	Arhar Dal(Tur)	FAQ	5000	5000	5000	21-May-22
524	Vidisha	Vidisha	Arhar Dal(Tur Dal)	Arhar Dal(Tur)	FAQ	1700	5101	4600	14-May-22
525	Vidisha	Vidisha	Arhar Dal(Tur Dal)	Arhar Dal(Tur)	FAQ	4200	4200	4200	12-May-22
526	Vidisha	Vidisha	Arhar Dal(Tur Dal)	Arhar Dal(Tur)	FAQ	4300	5403	5403	09-May-22
527	Vidisha	Vidisha	Arhar Dal(Tur Dal)	Arhar Dal(Tur)	FAQ	3200	5300	4200	05-May-22
528	Vidisha	Vidisha	Arhar Dal(Tur Dal)	Arhar Dal(Tur)	FAQ	5201	5201	5201	04-May-22
529	Vidisha	Vidisha	Arhar Dal(Tur Dal)	Arhar Dal(Tur)	FAQ	5130	5130	5130	02-May-22
530	Vidisha	Vidisha	Arhar Dal(Tur Dal)	Arhar Dal(Tur)	FAQ	5374	5374	5374	27-Apr-22
531	Vidisha	Vidisha	Arhar Dal(Tur Dal)	Arhar Dal(Tur)	FAQ	5101	5101	5101	26-Apr-22
532	Vidisha	Vidisha	Arhar Dal(Tur Dal)	Arhar Dal(Tur)	FAQ	4500	5200	5101	25-Apr-22
533	Vidisha	Vidisha	Arhar Dal(Tur Dal)	Arhar Dal(Tur)	FAQ	4500	5200	5101	24-Apr-22
534	Vidisha	Vidisha	Arhar Dal(Tur Dal)	Arhar Dal(Tur)	FAQ	5350	5350	5350	22-Apr-22
535	Vidisha	Vidisha	Arhar Dal(Tur Dal)	Arhar Dal(Tur)	FAQ	2645	5690	5200	12-Apr-22
536	Vidisha	Vidisha	Arhar Dal(Tur Dal)	Arhar Dal(Tur)	FAQ	4800	4800	4800	08-Apr-22
537	Vidisha	Vidisha	Arhar Dal(Tur Dal)	Arhar Dal(Tur)	FAQ	4200	4800	4650	06-Apr-22
538	Vidisha	Vidisha	Arhar Dal(Tur Dal)	Arhar Dal(Tur)	FAQ	4200	5300	4450	05-Apr-22
539	Vidisha	Vidisha	Arhar Dal(Tur Dal)	Arhar Dal(Tur)	FAQ	5300	5300	5300	04-Apr-22
540	Vidisha	Vidisha	Arhar Dal(Tur Dal)	Arhar Dal(Tur)	FAQ	5680	5900	5900	26-Mar-22
541	Vidisha	Vidisha	Arhar Dal(Tur Dal)	Arhar Dal(Tur)	FAQ	2500	5400	4000	25-Mar-22
542	Vidisha	Vidisha	Arhar Dal(Tur Dal)	Arhar Dal(Tur)	FAQ	1640	5231	4550	24-Mar-22
543	Vidisha	Vidisha	Arhar Dal(Tur Dal)	Arhar Dal(Tur)	FAQ	5720	5720	5720	23-Mar-22
544	Vidisha	Vidisha	Arhar Dal(Tur Dal)	Arhar Dal(Tur)	FAQ	5400	5400	5400	21-Mar-22
545	Vidisha	Vidisha	Arhar Dal(Tur Dal)	Arhar Dal(Tur)	FAQ	5680	5900	5900	19-Mar-22
546	Vidisha	Vidisha	Arhar Dal(Tur Dal)	Arhar Dal(Tur)	FAQ	2940	5760	5500	15-Mar-22
547	Vidisha	Vidisha	Arhar Dal(Tur Dal)	Arhar Dal(Tur)	FAQ	2800	5710	5211	14-Mar-22
548	Vidisha	Vidisha	Arhar Dal(Tur Dal)	Arhar Dal(Tur)	FAQ	3210	5768	5180	11-Mar-22
549	Vidisha	Vidisha	Arhar Dal(Tur Dal)	Arhar Dal(Tur)	FAQ	4000	6050	5530	10-Mar-22
550	Vidisha	Vidisha	Arhar Dal(Tur Dal)	Arhar Dal(Tur)	FAQ	3240	5795	4950	09-Mar-22
551	Vidisha	Vidisha	Arhar Dal(Tur Dal)	Arhar Dal(Tur)	FAQ	2800	6000	4900	08-Mar-22
552	Vidisha	Vidisha	Arhar Dal(Tur Dal)	Arhar Dal(Tur)	FAQ	3300	5850	5460	07-Mar-22
553	Vidisha	Vidisha	Arhar Dal(Tur Dal)	Arhar Dal(Tur)	FAQ	3200	5999	5720	05-Mar-22
554	Vidisha	Vidisha	Arhar Dal(Tur Dal)	Arhar Dal(Tur)	FAQ	2200	6300	2900	04-Mar-22
555	Vidisha	Vidisha	Arhar Dal(Tur Dal)	Arhar Dal(Tur)	FAQ	3200	6061	5800	03-Mar-22
556	Vidisha	Vidisha	Arhar Dal(Tur Dal)	Arhar Dal(Tur)	FAQ	3210	5895	5600	28-Feb-22
557	Vidisha	Vidisha	Arhar Dal(Tur Dal)	Arhar Dal(Tur)	FAQ	3200	5731	5520	25-Feb-22
558	Vidisha	Vidisha	Arhar Dal(Tur Dal)	Arhar Dal(Tur)	FAQ	3210	5811	5510	24-Feb-22
559	Vidisha	Vidisha	Arhar Dal(Tur Dal)	Arhar Dal(Tur)	FAQ	2500	5820	5670	23-Feb-22
560	Vidisha	Vidisha	Arhar Dal(Tur Dal)	Arhar Dal(Tur)	FAQ	2520	5301	4900	22-Feb-22
561	Vidisha	Vidisha	Arhar Dal(Tur Dal)	Arhar Dal(Tur)	FAQ	2250	5770	5600	18-Feb-22
562	Vidisha	Vidisha	Arhar Dal(Tur Dal)	Arhar Dal(Tur)	FAQ	3810	5601	5350	17-Feb-22
563	Vidisha	Vidisha	Arhar Dal(Tur Dal)	Arhar Dal(Tur)	FAQ	1800	5475	5265	15-Feb-22
564	Vidisha	Vidisha	Arhar Dal(Tur Dal)	Arhar Dal(Tur)	FAQ	3000	4931	4340	12-Feb-22
565	Vidisha	Vidisha	Arhar Dal(Tur Dal)	Arhar Dal(Tur)	FAQ	2341	5131	4720	10-Feb-22
566	Vidisha	Vidisha	Arhar Dal(Tur Dal)	Arhar Dal(Tur)	FAQ	3185	5745	5420	09-Feb-22
567	Vidisha	Vidisha	Arhar Dal(Tur Dal)	Arhar Dal(Tur)	FAQ	2500	5425	4820	08-Feb-22
568	Vidisha	Vidisha	Arhar Dal(Tur Dal)	Arhar Dal(Tur)	FAQ	3550	4710	4150	04-Feb-22
569	Vidisha	Vidisha	Arhar Dal(Tur Dal)	Arhar Dal(Tur)	FAQ	3460	4720	4122	02-Feb-22
570	Vidisha	Vidisha	Arhar Dal(Tur Dal)	Arhar Dal(Tur)	FAQ	3510	5200	4850	31-Jan-22
571	Vidisha	Vidisha	Arhar Dal(Tur Dal)	Arhar Dal(Tur)	FAQ	4820	4820	4820	29-Jan-22
572	Vidisha	Vidisha	Arhar Dal(Tur Dal)	Arhar Dal(Tur)	FAQ	3526	5422	5100	28-Jan-22
573	Vidisha	Vidisha	Arhar Dal(Tur Dal)	Arhar Dal(Tur)	FAQ	2860	5240	5000	27-Jan-22
574	Vidisha	Vidisha	Arhar Dal(Tur Dal)	Arhar Dal(Tur)	FAQ	3545	5111	4920	25-Jan-22
575	Vidisha	Vidisha	Arhar Dal(Tur Dal)	Arhar Dal(Tur)	FAQ	3620	5335	5065	22-Jan-22
576	Vidisha	Vidisha	Arhar Dal(Tur Dal)	Arhar Dal(Tur)	FAQ	4111	5500	4300	20-Jan-22
577	Vidisha	Vidisha	Arhar Dal(Tur Dal)	Arhar Dal(Tur)	FAQ	4700	4700	4700	19-Jan-22
578	Vidisha	Vidisha	Arhar Dal(Tur Dal)	Arhar Dal(Tur)	FAQ	4521	5200	4800	18-Jan-22
579	Vidisha	Vidisha	Arhar Dal(Tur Dal)	Arhar Dal(Tur)	FAQ	4900	5300	5200	13-Jan-22
580	Vidisha	Vidisha	Arhar Dal(Tur Dal)	Arhar Dal(Tur)	FAQ	4900	5432	5200	11-Jan-22
581	Vidisha	Vidisha	Arhar Dal(Tur Dal)	Arhar Dal(Tur)	FAQ	2678	2678	2678	08-Jan-22
582	Vidisha	Vidisha	Arhar Dal(Tur Dal)	Arhar Dal(Tur)	FAQ	4950	4980	4950	01-Jan-22
583	Chhindwara	Amarwda	Arhar Dal(Tur Dal)	Arhar Dal(Tur)	FAQ	6490	6500	6495	10-Nov-22
584	Chhindwara	Amarwda	Arhar Dal(Tur Dal)	Arhar Dal(Tur)	FAQ	5875	6550	6212	07-Oct-22
585	Chhindwara	Amarwda	Arhar Dal(Tur Dal)	Arhar Dal(Tur)	FAQ	6350	6400	6375	29-Sep-22
586	Chhindwara	Amarwda	Arhar Dal(Tur Dal)	Arhar Dal(Tur)	FAQ	5800	6000	5900	23-Sep-22
587	Chhindwara	Amarwda	Arhar Dal(Tur Dal)	Arhar Dal(Tur)	FAQ	6100	6200	6150	14-Sep-22
588	Chhindwara	Amarwda	Arhar Dal(Tur Dal)	Arhar Dal(Tur)	FAQ	6500	7000	6750	21-Aug-22
589	Chhindwara	Amarwda	Arhar Dal(Tur Dal)	Arhar Dal(Tur)	FAQ	6500	7000	6750	18-Aug-22
590	Chhindwara	Amarwda	Arhar Dal(Tur Dal)	Arhar Dal(Tur)	FAQ	5590	5600	5595	17-Jul-22
591	Chhindwara	Amarwda	Arhar Dal(Tur Dal)	Arhar Dal(Tur)	FAQ	5075	5100	5087	14-Jul-22
592	Sehore	Baktara	Arhar Dal(Tur Dal)	Arhar Dal(Tur)	FAQ	3300	3451	3400	28-Nov-22
593	Betul	Betul	Arhar Dal(Tur Dal)	Arhar Dal(Tur)	FAQ	4700	5800	5300	04-Jul-22
594	Sagar	Kesli	Arhar Dal(Tur Dal)	Arhar Dal(Tur)	FAQ	5900	6000	5950	07-Aug-22
595	Sagar	Kesli	Arhar Dal(Tur Dal)	Arhar Dal(Tur)	FAQ	5370	5510	5440	22-Jul-22
596	Sehore	Nasrullaganj	Arhar Dal(Tur Dal)	Arhar Dal(Tur)	FAQ	2801	3991	2850	13-Dec-22
597	Sehore	Nasrullaganj	Arhar Dal(Tur Dal)	Arhar Dal(Tur)	FAQ	2880	3900	3590	29-Nov-22
598	Sehore	Nasrullaganj	Arhar Dal(Tur Dal)	Arhar Dal(Tur)	FAQ	5800	5800	5800	02-Nov-22
599	Sehore	Nasrullaganj	Arhar Dal(Tur Dal)	Arhar Dal(Tur)	FAQ	6000	6000	6000	29-Sep-22
600	Sehore	Nasrullaganj	Arhar Dal(Tur Dal)	Arhar Dal(Tur)	FAQ	6301	6301	6301	28-Sep-22
601	Sehore	Nasrullaganj	Arhar Dal(Tur Dal)	Arhar Dal(Tur)	FAQ	5801	5801	5801	19-Sep-22
602	Sehore	Nasrullaganj	Arhar Dal(Tur Dal)	Arhar Dal(Tur)	FAQ	5101	5101	5101	31-Aug-22
603	Sehore	Nasrullaganj	Arhar Dal(Tur Dal)	Arhar Dal(Tur)	FAQ	6000	6000	6000	24-Aug-22
604	Sehore	Nasrullaganj	Arhar Dal(Tur Dal)	Arhar Dal(Tur)	FAQ	3200	3200	3200	18-Aug-22
605	Sehore	Nasrullaganj	Arhar Dal(Tur Dal)	Arhar Dal(Tur)	FAQ	6041	6041	6041	01-Aug-22
606	Sehore	Nasrullaganj	Arhar Dal(Tur Dal)	Arhar Dal(Tur)	FAQ	5151	5151	5151	26-Jul-22
607	Sehore	Nasrullaganj	Arhar Dal(Tur Dal)	Arhar Dal(Tur)	FAQ	4702	4702	4702	22-Jul-22
608	Sehore	Nasrullaganj	Arhar Dal(Tur Dal)	Arhar Dal(Tur)	FAQ	4801	4801	4801	18-Jul-22
609	Raisen	Obedullaganj	Arhar Dal(Tur Dal)	Arhar Dal(Tur)	FAQ	5800	5800	5800	15-Sep-22
610	Raisen	Obedullaganj	Arhar Dal(Tur Dal)	Arhar Dal(Tur)	FAQ	6001	6001	6001	24-Aug-22
611	Raisen	Obedullaganj	Arhar Dal(Tur Dal)	Arhar Dal(Tur)	FAQ	6200	6200	6200	03-Aug-22
612	Raisen	Obedullaganj	Arhar Dal(Tur Dal)	Arhar Dal(Tur)	FAQ	4000	5500	5500	12-Jul-22
613	Raisen	Obedullaganj	Arhar Dal(Tur Dal)	Arhar Dal(Tur)	FAQ	4500	4600	4500	10-Jul-22
614	Morena	Porsa	Arhar Dal(Tur Dal)	Arhar Dal(Tur)	FAQ	6000	6000	6000	21-Nov-22
615	Khargone	Sanawad	Arhar Dal(Tur Dal)	Arhar Dal(Tur)	FAQ	3800	3800	3800	05-Nov-22
616	Khargone	Sanawad	Arhar Dal(Tur Dal)	Arhar Dal(Tur)	FAQ	5500	5500	5500	29-Oct-22
617	Khargone	Sanawad	Arhar Dal(Tur Dal)	Arhar Dal(Tur)	FAQ	5650	5810	5810	28-Oct-22
618	Khargone	Sanawad	Arhar Dal(Tur Dal)	Arhar Dal(Tur)	FAQ	4785	4785	4785	22-Sep-22
619	Khargone	Sanawad	Arhar Dal(Tur Dal)	Arhar Dal(Tur)	FAQ	4785	4785	4785	21-Sep-22
620	Khargone	Sanawad	Arhar Dal(Tur Dal)	Arhar Dal(Tur)	FAQ	5200	5250	5230	19-Sep-22
621	Khargone	Sanawad	Arhar Dal(Tur Dal)	Arhar Dal(Tur)	FAQ	6000	6000	6000	22-Aug-22
622	Khargone	Sanawad	Arhar Dal(Tur Dal)	Arhar Dal(Tur)	FAQ	5805	6535	6345	05-Aug-22
623	Khargone	Sanawad	Arhar Dal(Tur Dal)	Arhar Dal(Tur)	FAQ	6000	6000	6000	27-Jul-22
624	Khargone	Sanawad	Arhar Dal(Tur Dal)	Arhar Dal(Tur)	FAQ	6000	6000	6000	26-Jul-22
625	Khargone	Sanawad	Arhar Dal(Tur Dal)	Arhar Dal(Tur)	FAQ	4605	4605	4605	04-Jul-22
626	Umariya	Umariya	Arhar Dal(Tur Dal)	Arhar Dal(Tur)	FAQ	5000	5050	5025	16-Jul-22
627	Umariya	Umariya	Arhar Dal(Tur Dal)	Arhar Dal(Tur)	FAQ	5000	5100	5050	14-Jul-22
628	Umariya	Umariya	Arhar Dal(Tur Dal)	Arhar Dal(Tur)	FAQ	5000	5050	5030	07-Jul-22
629	Umariya	Umariya	Arhar Dal(Tur Dal)	Arhar Dal(Tur)	FAQ	5000	5050	5025	03-Jul-22
630	Vidisha	Vidisha	Arhar Dal(Tur Dal)	Arhar Dal(Tur)	FAQ	4200	4250	4250	07-Dec-22
631	Vidisha	Vidisha	Arhar Dal(Tur Dal)	Arhar Dal(Tur)	FAQ	5630	5630	5630	28-Nov-22
632	Vidisha	Vidisha	Arhar Dal(Tur Dal)	Arhar Dal(Tur)	FAQ	6565	6565	6565	20-Oct-22
633	Vidisha	Vidisha	Arhar Dal(Tur Dal)	Arhar Dal(Tur)	FAQ	4601	6565	6565	19-Oct-22
634	Vidisha	Vidisha	Arhar Dal(Tur Dal)	Arhar Dal(Tur)	FAQ	3201	6301	6301	28-Sep-22
635	Vidisha	Vidisha	Arhar Dal(Tur Dal)	Arhar Dal(Tur)	FAQ	5600	5950	5800	08-Sep-22
636	Vidisha	Vidisha	Arhar Dal(Tur Dal)	Arhar Dal(Tur)	FAQ	7398	7398	7398	08-Aug-22
637	Vidisha	Vidisha	Arhar Dal(Tur Dal)	Arhar Dal(Tur)	FAQ	3000	6625	5800	04-Aug-22
638	Vidisha	Vidisha	Arhar Dal(Tur Dal)	Arhar Dal(Tur)	FAQ	6400	6600	6500	02-Aug-22
639	Vidisha	Vidisha	Arhar Dal(Tur Dal)	Arhar Dal(Tur)	FAQ	5040	5040	5040	04-Jul-22
